ncm;aliquota_icms;aliquota_ipi;aliquota_pis;aliquota_cofins
00000000;0.00;0.00;1.65;7.60
00000000;18.00;0.00;1.65;7.60
11081200;0.00;0.00;1.65;7.60
11081200;7.00;0.00;1.65;7.60
11081200;18.00;0.00;1.65;7.60
12119090;0.00;0.00;0.00;0.00
13019090;0.00;0.00;0.65;3.00
13019090;0.00;0.00;1.65;7.60
13019090;0.00;3.25;1.65;7.60
13019090;4.00;0.00;1.65;7.60
15153000;18.00;0.00;1.65;7.60
15162000;0.00;0.00;0.00;0.00
15162000;0.00;0.00;1.65;7.60
15200020;18.00;0.00;1.65;7.60
15211000;0.00;0.00;1.65;7.60
22019000;0.00;0.00;0.65;3.00
22019000;0.00;0.00;1.65;7.60
22071010;18.00;0.00;1.65;7.60
22071090;0.00;0.00;0.00;0.00
22071090;0.00;0.00;1.29;5.91
22071090;0.00;0.00;1.65;7.60
22071090;4.00;0.00;1.65;7.60
22071090;7.00;0.00;1.65;7.60
22071090;20.50;0.00;1.65;7.60
22072011;0.00;5.20;0.00;0.00
22072019;18.00;5.20;1.65;7.60
22072919;18.00;0.00;1.65;7.60
25010090;0.00;0.00;1.65;7.60
25070010;4.00;0.00;1.65;7.60
27076010;18.00;0.00;1.65;7.60
27079990;18.00;0.00;1.65;7.60
27101230;0.00;0.00;1.65;7.60
27101230;4.00;0.00;1.65;7.60
27101230;12.00;0.00;1.65;7.60
27101230;20.50;0.00;1.65;7.60
27101921;0.00;0.00;0.00;0.00
27101932;0.00;0.00;0.00;0.00
27101991;0.00;0.00;1.65;7.60
27101991;4.00;0.00;1.65;7.60
27101991;20.50;0.00;1.65;7.60
27101999;0.00;0.00;0.00;0.00
27111910;0.00;0.00;0.00;0.00
27111910;0.00;0.00;1.65;7.60
27121000;4.00;5.20;1.65;7.60
27121000;20.50;5.20;1.65;7.60
27121010;18.00;0.00;1.65;7.60
27122000;18.00;0.00;1.65;7.60
27129000;0.00;0.00;1.65;7.60
27129000;18.00;0.00;1.65;7.60
28061010;18.00;0.00;1.65;7.60
28061020;0.00;0.00;0.00;0.00
28061020;0.00;0.00;0.65;3.00
28061020;0.00;0.00;1.65;7.60
28061020;18.00;0.00;1.65;7.60
28061020;20.50;0.00;1.65;7.60
28070010;0.00;0.00;0.00;0.00
28092011;0.00;0.00;1.65;7.60
28092011;4.00;0.00;1.65;7.60
28111100;18.00;0.00;1.65;7.60
28142000;0.00;0.00;1.65;7.60
28142000;18.00;0.00;1.65;7.60
28151100;0.00;0.00;1.65;7.60
28151100;20.50;0.00;1.65;7.60
28151200;18.00;0.00;1.65;7.60
28152000;0.00;0.00;1.65;7.60
28152000;4.00;0.00;1.65;7.60
28152000;18.00;0.00;1.65;7.60
28269026;18.00;0.00;1.65;7.60
28272090;18.00;0.00;1.65;7.60
28273200;18.00;0.00;1.65;7.60
28274921;18.00;0.00;1.65;7.60
28276012;0.00;0.00;0.00;0.00
28276012;0.00;0.00;1.65;7.60
28281000;18.00;0.00;1.65;7.60
28289011;0.00;0.00;1.65;7.60
28289011;18.00;0.00;1.65;7.60
28289011;20.50;0.00;1.65;7.60
28289019;0.00;0.00;1.65;7.60
28289019;18.00;0.00;1.65;7.60
28323020;0.00;0.00;0.00;0.00
28323020;0.00;0.00;0.65;3.00
28323020;0.00;0.00;1.65;7.60
28332100;0.00;0.00;1.65;7.60
28332100;4.00;0.00;1.65;7.60
28332200;0.00;0.00;1.65;7.60
28332200;20.50;0.00;1.65;7.60
28352400;0.00;0.00;0.65;3.00
28352400;0.00;0.00;1.65;7.60
28353110;0.00;0.00;1.65;7.60
28353110;18.00;0.00;1.65;7.60
28353190;0.00;0.00;1.65;7.60
28353190;4.00;0.00;1.65;7.60
28353190;20.50;0.00;1.65;7.60
28362010;0.00;0.00;1.65;7.60
28362010;20.50;0.00;1.65;7.60
28363000;0.00;0.00;1.65;7.60
28363000;20.50;0.00;1.65;7.60
28369920;0.00;0.00;0.00;0.00
28369920;0.00;0.00;1.65;7.60
28391100;0.00;0.00;1.65;7.60
28391100;4.00;0.00;1.65;7.60
28391100;18.00;0.00;1.65;7.60
28413000;0.00;0.00;0.00;0.00
28413000;0.00;0.00;1.65;7.60
28413000;4.00;0.00;1.65;7.60
28413000;18.00;0.00;1.65;7.60
28429000;0.00;0.00;0.65;3.00
28470000;0.00;0.00;1.65;7.60
28470000;18.00;0.00;1.65;7.60
29012900;4.00;0.00;1.65;7.60
29021100;0.00;0.00;1.65;7.60
29021910;0.00;0.00;1.65;7.60
29021910;4.00;0.00;1.65;7.60
29021990;0.00;0.00;1.65;7.60
29021990;4.00;0.00;1.65;7.60
29021990;18.00;0.00;1.65;7.60
29029020;18.00;0.00;1.65;7.60
29029090;0.00;0.00;1.65;7.60
29029090;4.00;0.00;1.65;7.60
29051220;0.00;0.00;1.65;7.60
29051220;20.50;0.00;1.65;7.60
29051710;0.00;0.00;1.65;7.60
29051710;4.00;0.00;1.65;7.60
29051919;4.00;0.00;1.65;7.60
29051994;0.00;0.00;1.65;7.60
29051994;4.00;0.00;1.65;7.60
29051999;0.00;0.00;0.65;3.00
29051999;0.00;0.00;1.65;7.60
29051999;4.00;0.00;1.65;7.60
29052210;0.00;0.00;1.65;7.60
29052210;4.00;0.00;1.65;7.60
29052220;0.00;0.00;1.65;7.60
29052220;4.00;0.00;1.65;7.60
29052230;0.00;0.00;1.65;7.60
29052230;4.00;0.00;1.65;7.60
29052290;4.00;0.00;1.65;7.60
29052290;18.00;0.00;1.65;7.60
29052990;0.00;0.00;0.65;3.00
29052990;0.00;0.00;1.65;7.60
29052990;4.00;0.00;1.65;7.60
29053100;0.00;0.00;1.65;7.60
29053990;18.00;0.00;1.65;7.60
29054500;0.00;0.00;1.65;7.60
29054500;20.50;0.00;1.65;7.60
29061100;4.00;0.00;1.65;7.60
29061100;20.50;0.00;1.65;7.60
29061300;4.00;0.00;1.65;7.60
29061920;0.00;0.00;0.00;0.00
29061920;0.00;0.00;0.65;3.00
29061920;0.00;0.00;1.65;7.60
29061920;4.00;0.00;1.65;7.60
29061940;0.00;0.00;1.65;7.60
29061950;0.00;3.25;1.65;7.60
29061950;4.00;0.00;1.65;7.60
29061990;0.00;0.00;1.65;7.60
29061990;4.00;0.00;1.65;7.60
29061990;18.00;0.00;1.65;7.60
29062100;0.00;0.00;1.65;7.60
29062100;4.00;0.00;1.65;7.60
29062100;7.00;0.00;1.65;7.60
29062910;0.00;0.00;1.65;7.60
29062910;18.00;0.00;1.65;7.60
29062990;0.00;0.00;1.65;7.60
29062990;4.00;0.00;1.65;7.60
29062990;18.00;0.00;1.65;7.60
29071910;0.00;0.00;1.65;7.60
29071910;4.00;0.00;1.65;7.60
29071990;4.00;0.00;1.65;7.60
29091990;4.00;0.00;1.65;7.60
29092000;0.00;3.25;1.65;7.60
29092000;4.00;0.00;1.65;7.60
29093011;0.00;0.00;1.65;7.60
29093011;4.00;0.00;1.65;7.60
29093012;0.00;0.00;1.65;7.60
29093012;4.00;0.00;1.65;7.60
29093014;0.00;0.00;0.65;3.00
29093014;0.00;0.00;1.65;7.60
29093019;0.00;0.00;1.65;7.60
29093019;4.00;0.00;1.65;7.60
29093029;0.00;0.00;1.65;7.60
29094310;0.00;0.00;1.65;7.60
29094310;4.00;0.00;1.65;7.60
29094310;20.50;0.00;1.65;7.60
29094421;0.00;0.00;1.65;7.60
29094931;0.00;0.00;1.65;7.60
29094931;4.00;0.00;1.65;7.60
29094931;18.00;0.00;1.65;7.60
29094932;4.00;0.00;1.65;7.60
29094990;0.00;0.00;0.65;3.00
29094990;0.00;0.00;1.65;7.60
29095012;0.00;0.00;1.65;7.60
29095012;4.00;0.00;1.65;7.60
29095013;0.00;0.00;1.65;7.60
29095013;4.00;0.00;1.65;7.60
29096090;0.00;0.00;0.65;3.00
29096090;0.00;0.00;1.65;7.60
29109090;4.00;0.00;1.65;7.60
29110090;0.00;0.00;1.65;7.60
29110090;4.00;0.00;1.65;7.60
29121100;0.00;0.00;0.00;0.00
29121100;0.00;0.00;1.65;7.60
29121100;20.50;0.00;1.65;7.60
29121919;0.00;0.00;1.65;7.60
29121921;0.00;0.00;1.65;7.60
29121921;4.00;0.00;1.65;7.60
29121921;18.00;0.00;1.65;7.60
29121929;4.00;0.00;1.65;7.60
29121999;0.00;0.00;0.65;3.00
29121999;0.00;0.00;1.65;7.60
29121999;4.00;0.00;1.65;7.60
29121999;18.00;0.00;1.65;7.60
29122910;0.00;0.00;1.65;7.60
29122910;4.00;0.00;1.65;7.60
29122910;7.00;0.00;1.65;7.60
29122920;0.00;0.00;1.65;7.60
29122920;4.00;0.00;1.65;7.60
29122990;0.00;0.00;1.65;7.60
29122990;4.00;0.00;1.65;7.60
29122990;7.00;0.00;1.65;7.60
29122990;18.00;0.00;1.65;7.60
29123010;18.00;0.00;1.65;7.60
29124100;0.00;0.00;1.65;7.60
29124200;0.00;0.00;1.65;7.60
29124200;4.00;0.00;1.65;7.60
29124941;0.00;0.00;1.65;7.60
29124949;0.00;0.00;1.65;7.60
29124949;4.00;0.00;1.65;7.60
29124990;0.00;0.00;1.65;7.60
29124990;4.00;0.00;1.65;7.60
29124990;7.00;0.00;0.65;3.00
29124990;18.00;0.00;1.65;7.60
29141923;4.00;0.00;1.65;7.60
29141930;4.00;0.00;1.65;7.60
29141990;4.00;0.00;0.65;3.00
29141990;4.00;0.00;1.65;7.60
29142100;18.00;0.00;1.65;7.60
29142310;0.00;0.00;1.65;7.60
29142310;4.00;0.00;1.65;7.60
29142320;0.00;0.00;0.65;3.00
29142320;0.00;0.00;1.65;7.60
29142320;4.00;0.00;1.65;7.60
29142320;7.00;0.00;1.65;7.60
29142910;0.00;0.00;1.65;7.60
29142910;4.00;0.00;1.65;7.60
29142910;20.50;0.00;1.65;7.60
29142990;0.00;0.00;0.65;3.00
29142990;0.00;0.00;1.65;7.60
29142990;4.00;0.00;1.65;7.60
29142990;7.00;0.00;1.65;7.60
29142990;20.50;0.00;1.65;7.60
29143910;4.00;0.00;1.65;7.60
29143990;0.00;0.00;1.65;7.60
29143990;4.00;0.00;1.65;7.60
29145090;0.00;0.00;1.65;7.60
29145090;4.00;0.00;1.65;7.60
29147029;18.00;0.00;1.65;7.60
29147990;0.00;0.00;0.65;3.00
29147990;0.00;0.00;1.65;7.60
29147990;4.00;0.00;1.65;7.60
29147990;12.00;0.00;1.65;7.60
29147990;20.50;0.00;1.65;7.60
29151390;0.00;0.00;1.65;7.60
29151390;4.00;0.00;1.65;7.60
29151390;7.00;0.00;1.65;7.60
29152100;0.00;0.00;0.65;3.00
29152100;0.00;0.00;1.65;7.60
29153100;0.00;0.00;1.65;7.60
29153910;0.00;0.00;1.65;7.60
29153910;4.00;0.00;1.65;7.60
29153929;4.00;0.00;1.65;7.60
29153939;4.00;0.00;0.65;3.00
29153939;4.00;0.00;1.65;7.60
29153942;0.00;0.00;1.65;7.60
29153961;0.00;0.00;1.65;7.60
29153962;4.00;0.00;1.65;7.60
29153991;0.00;0.00;1.65;7.60
29153991;4.00;0.00;1.65;7.60
29153992;0.00;0.00;1.65;7.60
29153992;4.00;0.00;1.65;7.60
29153993;0.00;0.00;1.65;7.60
29153999;0.00;0.00;0.65;3.00
29153999;0.00;0.00;1.65;7.60
29153999;0.00;3.25;1.65;7.60
29153999;4.00;0.00;1.65;7.60
29153999;18.00;0.00;1.65;7.60
29155030;0.00;0.00;1.65;7.60
29155030;4.00;0.00;1.65;7.60
29156011;4.00;0.00;1.65;7.60
29156012;0.00;0.00;1.65;7.60
29156012;4.00;0.00;1.65;7.60
29156019;0.00;0.00;1.65;7.60
29156019;4.00;0.00;1.65;7.60
29156029;0.00;0.00;1.65;7.60
29159033;0.00;0.00;1.65;7.60
29159039;0.00;0.00;1.65;7.60
29159090;0.00;0.00;1.65;7.60
29159090;4.00;0.00;1.65;7.60
29159090;18.00;0.00;1.65;7.60
29161990;0.00;0.00;0.55;2.50
29161990;0.00;0.00;0.65;3.00
29161990;0.00;0.00;1.65;7.60
29161990;4.00;0.00;1.65;7.60
29162090;0.00;0.00;1.65;7.60
29162090;4.00;0.00;1.65;7.60
29163131;0.00;0.00;1.65;7.60
29163131;4.00;0.00;1.65;7.60
29163131;18.00;0.00;1.65;7.60
29163132;4.00;0.00;1.65;7.60
29163139;4.00;0.00;1.65;7.60
29163990;0.00;0.00;1.65;7.60
29163990;4.00;0.00;1.65;7.60
29171990;0.00;0.00;1.65;7.60
29172000;0.00;0.00;1.65;7.60
29172000;4.00;0.00;1.65;7.60
29172000;7.00;0.00;1.65;7.60
29173400;4.00;0.00;1.65;7.60
29181990;0.00;0.00;1.65;7.60
29182300;0.00;0.00;1.65;7.60
29182300;4.00;0.00;0.65;3.00
29182300;4.00;0.00;1.65;7.60
29182990;0.00;0.00;1.65;7.60
29183090;0.00;0.00;0.65;3.00
29183090;0.00;0.00;1.65;7.60
29183090;4.00;0.00;1.65;7.60
29189999;0.00;0.00;1.65;7.60
29189999;4.00;0.00;1.65;7.60
29199090;0.00;0.00;1.65;7.60
29199090;4.00;0.00;1.65;7.60
29221100;0.00;0.00;1.65;7.60
29221100;4.00;0.00;1.65;7.60
29221310;18.00;0.00;1.65;7.60
29224920;4.00;0.00;1.65;7.60
29224920;18.00;0.00;1.65;7.60
29224990;0.00;0.00;0.00;0.00
29224990;0.00;0.00;0.65;3.00
29224990;0.00;0.00;1.65;7.60
29225099;0.00;0.00;1.65;7.60
29239010;0.00;0.00;1.65;7.60
29239040;18.00;0.00;1.65;7.60
29239050;0.00;0.00;1.65;7.60
29239050;20.50;0.00;1.65;7.60
29239090;0.00;0.00;1.65;7.60
29239090;20.50;0.00;1.65;7.60
29241919;20.50;0.00;1.65;7.60
29241994;4.00;0.00;1.65;7.60
29241994;20.50;0.00;1.65;7.60
29241999;0.00;0.00;1.65;7.60
29241999;18.00;0.00;1.65;7.60
29252950;4.00;0.00;1.65;7.60
29269026;18.00;0.00;1.65;7.60
29269099;0.00;0.00;0.55;2.50
29269099;0.00;0.00;0.65;3.00
29269099;0.00;0.00;1.65;7.60
29269099;4.00;0.00;1.65;7.60
29269099;18.00;0.00;1.65;7.60
29270029;0.00;0.00;0.65;3.00
29280090;0.00;0.00;1.65;7.60
29280090;4.00;0.00;1.65;7.60
29302019;4.00;0.00;1.65;7.60
29314990;4.00;0.00;1.65;7.60
29321990;0.00;0.00;1.65;7.60
29322000;0.00;0.00;0.00;0.00
29322000;0.00;0.00;0.55;2.50
29322000;0.00;0.00;0.65;3.00
29322000;0.00;0.00;1.65;7.60
29322000;4.00;0.00;1.65;7.60
29322000;7.00;0.00;1.65;7.60
29322990;18.00;0.00;1.65;7.60
29329911;4.00;0.00;1.65;7.60
29329992;0.00;0.00;1.65;7.60
29329999;0.00;0.00;0.65;3.00
29329999;0.00;0.00;1.65;7.60
29329999;4.00;0.00;1.65;7.60
29329999;7.00;0.00;1.65;7.60
29334990;0.00;0.00;1.65;7.60
29336919;18.00;0.00;1.65;7.60
29339919;0.00;0.00;0.65;3.00
29339920;4.00;0.00;1.65;7.60
29362710;0.00;0.00;1.65;7.60
30049024;18.00;0.00;1.65;7.60
30069043;18.00;0.00;1.65;7.60
31042090;0.00;0.00;0.00;0.00
31042090;0.00;0.00;1.65;7.60
32030019;4.00;0.00;1.65;7.60
32030019;4.00;3.25;1.65;7.60
32041100;18.00;0.00;1.65;7.60
32041210;0.00;0.00;0.00;0.00
32041210;0.00;0.00;0.65;3.00
32041210;0.00;0.00;1.65;7.60
32041300;0.00;0.00;0.00;0.00
32041300;0.00;0.00;0.65;3.00
32041300;0.00;0.00;1.65;7.60
32041400;0.00;0.00;0.00;0.00
32041400;0.00;0.00;1.65;7.60
32041700;0.00;0.00;0.00;0.00
32041700;0.00;0.00;1.65;7.60
32041930;18.00;0.00;1.65;7.60
32041990;20.50;0.00;1.65;7.60
32042019;4.00;0.00;0.65;3.00
32042019;4.00;0.00;1.65;7.60
32042090;4.00;0.00;1.65;7.60
32064100;0.00;0.00;1.65;7.60
32064100;18.00;0.00;1.65;7.60
32071090;0.00;0.00;1.65;7.60
32071090;20.50;0.00;1.65;7.60
32081010;0.00;0.00;0.65;3.00
32089010;0.00;0.00;0.65;3.00
32091010;0.00;0.00;0.65;3.00
32099019;20.50;0.00;1.65;7.60
32110000;0.00;6.50;0.65;3.00
32110000;0.00;6.50;1.65;7.60
32141010;0.00;0.00;0.00;0.00
32141010;0.00;0.00;0.65;3.00
32141010;0.00;0.00;1.65;7.60
32141010;0.00;1.30;0.65;3.00
32151100;0.00;0.00;0.00;0.00
32151900;0.00;0.00;0.00;0.00
32159000;0.00;0.00;1.65;7.60
33011210;4.00;3.25;1.65;7.60
33011290;4.00;0.00;1.65;7.60
33011290;4.00;3.25;1.65;7.60
33011300;4.00;3.25;1.65;7.60
33011900;18.00;5.00;1.65;7.60
33011910;4.00;3.25;1.65;7.60
33011990;4.00;3.25;1.65;7.60
33012400;4.00;3.25;1.65;7.60
33012510;4.00;3.25;1.65;7.60
33012590;4.00;3.25;1.65;7.60
33012911;4.00;3.25;1.65;7.60
33012912;0.00;0.00;1.65;7.60
33012912;0.00;3.25;0.65;3.00
33012912;4.00;3.25;0.65;3.00
33012912;4.00;3.25;1.65;7.60
33012912;18.00;3.25;1.65;7.60
33012913;4.00;3.25;1.65;7.60
33012914;4.00;3.25;1.65;7.60
33012917;4.00;0.00;1.65;7.60
33012917;4.00;3.25;0.65;3.00
33012917;4.00;3.25;1.65;7.60
33012918;0.00;3.25;0.65;3.00
33012918;4.00;3.25;0.65;3.00
33012918;4.00;3.25;1.65;7.60
33012919;0.00;0.00;0.65;3.00
33012919;0.00;3.25;0.65;3.00
33012919;0.00;3.25;1.65;7.60
33012919;4.00;0.00;1.65;7.60
33012919;4.00;3.25;1.65;7.60
33012919;18.00;3.25;1.65;7.60
33012921;0.00;3.25;1.65;7.60
33012922;4.00;3.25;1.65;7.60
33012990;0.00;0.00;1.65;7.60
33012990;0.00;3.25;0.65;3.00
33012990;0.00;3.25;1.65;7.60
33012990;4.00;3.25;0.65;3.00
33012990;4.00;3.25;1.65;7.60
33012990;18.00;3.25;1.65;7.60
33013000;0.00;3.25;0.65;3.00
33013000;0.00;3.25;1.65;7.60
33013000;4.00;3.25;1.65;7.60
33013000;18.00;3.25;1.65;7.60
33019020;0.00;3.25;0.65;3.00
33019020;0.00;3.25;1.65;7.60
33019020;4.00;0.00;1.65;7.60
33019020;4.00;3.25;0.65;3.00
33019020;4.00;3.25;1.65;7.60
33029019;0.00;3.25;0.55;2.50
33029019;0.00;3.25;0.65;3.00
33029019;4.00;0.00;1.65;7.60
33029019;4.00;3.25;0.65;3.00
33029019;4.00;3.25;1.65;7.60
33029019;7.00;3.25;0.65;3.00
33029019;20.50;3.25;1.65;7.60
33029099;0.00;0.00;1.65;7.60
33029099;4.00;0.00;1.65;7.60
33029099;4.00;3.25;1.65;7.60
33043000;18.00;14.30;1.65;7.60
33051000;0.00;4.55;0.65;3.00
33051000;0.00;4.55;1.65;7.60
33072090;4.00;4.55;1.65;7.60
33074100;18.00;14.30;1.65;7.60
33074100;25.00;14.30;1.65;7.60
33074900;18.00;22.00;1.65;7.60
33079000;25.00;14.30;1.65;7.60
34011110;18.00;3.25;1.65;7.60
34011190;0.00;0.00;1.65;7.60
34011190;18.00;0.00;1.65;7.60
34011190;20.50;0.00;1.65;7.60
34011900;18.00;3.25;1.65;7.60
34011901;18.00;10.00;1.65;7.60
34012010;20.50;3.25;1.65;7.60
34021130;18.00;0.00;1.65;7.60
34021190;18.00;5.00;1.65;7.60
34021300;18.00;5.00;1.65;7.60
34021900;18.00;0.00;1.65;7.60
34023100;0.00;3.25;1.65;7.60
34023100;4.00;3.25;1.65;7.60
34023100;7.00;3.25;1.65;7.60
34023100;20.50;3.25;1.65;7.60
34023910;0.00;3.25;1.65;7.60
34023990;0.00;3.25;1.65;7.60
34023990;4.00;3.25;0.00;0.00
34023990;4.00;3.25;1.65;7.60
34023990;20.50;3.25;1.65;7.60
34024200;0.00;3.25;1.65;7.60
34024200;4.00;3.25;1.65;7.60
34024200;20.50;3.25;1.65;7.60
34024900;0.00;0.00;0.00;7.60
34024900;0.00;3.25;1.65;7.60
34024900;4.00;3.25;1.65;7.60
34024900;20.50;3.25;1.65;7.60
34025000;20.50;3.25;1.65;7.60
34029019;20.50;3.25;1.65;7.60
34029022;18.00;3.25;1.65;7.60
34029029;0.00;3.25;1.65;7.60
34029029;18.00;3.25;1.65;7.60
34029031;4.00;3.25;1.65;7.60
34029031;18.00;3.25;1.65;7.60
34029039;20.50;3.25;1.65;7.60
34029090;0.00;0.00;0.00;0.00
34029090;4.00;3.25;1.65;7.60
34029090;18.00;3.25;1.65;7.60
34049011;0.00;9.75;1.65;7.60
34049019;0.00;9.75;1.65;7.60
34049019;20.50;3.25;1.65;7.60
34049019;20.50;9.75;1.65;7.60
34051000;18.00;6.50;1.65;7.60
34052000;20.50;6.50;1.65;7.60
34053000;18.00;6.50;1.65;7.60
34054000;18.00;6.50;1.65;7.60
35051000;18.00;0.00;1.65;7.60
35061010;0.00;0.00;1.65;7.60
35061090;0.00;0.00;0.00;0.00
35061090;0.00;0.00;1.65;7.60
35061090;18.00;0.00;1.65;7.60
35069110;0.00;0.00;1.65;7.60
35069190;20.50;0.00;1.65;7.60
36061000;18.00;13.00;1.65;7.60
38029050;4.00;0.00;1.65;7.60
38051000;4.00;0.00;1.65;7.60
38059010;18.00;6.50;1.65;7.60
38059090;4.00;0.00;1.65;7.60
38062000;0.00;0.00;1.65;7.60
38085010;18.00;0.00;1.65;7.60
38085910;20.50;0.00;1.65;7.60
38089119;18.00;0.00;1.65;7.60
38089199;18.00;0.00;1.65;7.60
38089299;18.00;0.00;1.65;7.60
38089419;20.50;0.00;1.65;7.60
38089429;18.00;3.25;1.65;7.60
38089919;20.50;0.00;1.65;7.60
38089996;18.00;0.00;1.65;7.60
38089999;18.00;0.00;1.65;7.60
38099149;20.50;6.50;1.65;7.60
38099190;20.50;0.00;1.65;7.60
38101010;20.50;0.00;1.65;7.60
38140000;18.00;0.00;1.65;7.60
38140090;0.00;0.00;0.00;0.00
38140090;0.00;6.50;0.00;0.00
38190000;0.00;0.00;0.00;0.00
38190000;0.00;6.50;1.65;7.60
38200000;0.00;0.00;0.00;0.00
38220090;18.00;0.00;1.65;7.60
38221990;0.00;0.00;1.65;7.60
38229000;0.00;0.00;0.00;0.00
38229000;0.00;0.00;0.65;3.00
38229000;0.00;0.00;1.65;7.60
38231900;18.00;0.00;1.65;7.60
38231990;0.00;0.00;1.65;7.60
38237010;18.00;0.00;1.65;7.60
38249049;18.00;0.00;1.65;7.60
38249100;0.00;6.50;1.65;7.60
38249922;4.00;0.00;1.65;7.60
38249922;4.00;6.50;1.65;7.60
38249929;0.00;6.50;1.65;7.60
38249941;0.00;0.00;0.00;0.00
38249941;0.00;0.00;0.65;3.00
38249941;18.00;0.00;1.65;7.60
38249941;20.50;0.00;1.65;7.60
38249986;0.00;0.00;1.65;7.60
38249986;0.00;6.50;1.65;7.60
39021020;18.00;3.25;1.65;7.60
39039090;18.00;3.25;1.65;7.60
39053000;0.00;3.25;1.65;7.60
39053000;18.00;3.25;1.65;7.60
39069011;0.00;3.25;1.65;7.60
39069019;0.00;3.25;1.65;7.60
39069019;18.00;3.25;1.65;7.60
39069039;7.00;3.25;1.65;7.60
39069043;20.50;3.25;1.65;7.60
39069047;4.00;3.25;1.65;7.60
39069049;18.00;0.00;1.65;7.60
39069053;0.00;3.25;1.65;7.60
39069053;20.50;3.25;1.65;7.60
39069063;0.00;3.25;1.65;7.60
39079100;0.00;3.25;0.65;3.00
39079100;0.00;3.25;1.65;7.60
39100012;18.00;3.25;1.65;7.60
39100019;0.00;3.25;1.65;7.60
39100019;4.00;3.25;1.65;7.60
39100019;20.50;3.25;1.65;7.60
39123119;0.00;3.25;1.65;7.60
39123119;4.00;3.25;1.65;7.60
39123119;20.50;3.25;1.65;7.60
39123910;0.00;3.25;1.65;7.60
39123910;18.00;3.25;1.65;7.60
39123920;0.00;3.25;1.65;7.60
39162000;0.00;0.00;0.00;0.00
39162000;0.00;0.00;0.65;3.00
39162000;0.00;6.50;0.65;3.00
39162000;0.00;6.50;1.65;7.60
39172290;0.00;0.00;0.00;0.00
39172290;0.00;0.00;1.65;7.60
39172300;0.00;0.00;0.00;0.00
39172300;0.00;0.00;1.65;7.60
39172900;0.00;0.00;0.00;0.00
39173100;0.00;0.00;1.65;7.60
39173100;0.00;3.25;1.65;7.60
39173290;0.00;0.00;0.00;0.00
39173290;0.00;0.00;1.65;7.60
39173290;0.00;3.25;0.00;0.00
39173290;0.00;3.25;1.65;7.60
39173300;0.00;3.25;1.65;7.60
39173900;0.00;3.25;1.65;7.60
39173900;18.00;3.25;1.65;7.60
39174090;0.00;0.00;0.00;0.00
39174090;0.00;0.00;0.65;3.00
39174090;0.00;0.00;1.65;7.60
39181000;0.00;0.00;0.00;3.00
39191010;0.00;0.00;0.00;0.00
39191010;0.00;0.00;1.65;7.60
39191010;0.00;9.75;0.00;0.00
39191010;0.00;9.75;1.65;7.60
39191010;18.00;9.75;1.65;7.60
39191020;0.00;0.00;0.00;0.00
39191020;0.00;0.00;0.65;3.00
39191020;0.00;11.25;0.00;0.00
39199090;0.00;0.00;1.65;7.60
39199090;0.00;9.75;1.65;7.60
39199090;18.00;9.75;1.65;7.60
39201099;0.00;0.00;1.65;7.60
39201099;0.00;15.00;1.65;7.60
39201099;20.50;15.00;1.65;7.60
39202019;0.00;0.00;1.65;7.60
39203000;18.00;15.00;1.65;7.60
39209990;0.00;0.00;1.65;7.60
39209990;0.00;9.75;1.65;7.60
39211200;18.00;9.75;1.65;7.60
39211900;0.00;0.00;1.65;7.60
39219012;0.00;0.00;0.00;0.00
39219012;0.00;0.00;0.65;3.00
39219012;0.00;0.00;1.65;7.60
39219012;0.00;9.75;0.65;3.00
39219012;0.00;9.75;1.65;7.60
39219012;12.00;9.75;0.65;3.00
39219090;0.00;0.00;0.00;0.00
39229000;18.00;0.00;1.65;7.60
39231010;0.00;0.00;0.00;0.00
39231010;0.00;0.00;0.65;3.00
39231010;0.00;9.75;1.65;7.60
39231090;0.00;0.00;1.65;7.60
39231090;0.00;9.75;1.65;7.60
39232110;0.00;9.75;0.65;3.00
39232110;18.00;9.75;1.65;7.60
39232190;0.00;0.00;0.00;0.00
39232190;18.00;9.75;1.65;7.60
39232190;22.50;9.75;1.65;7.60
39233010;18.00;9.75;1.65;7.60
39233090;0.00;0.00;0.00;0.00
39233090;0.00;0.00;0.65;3.00
39233090;0.00;0.00;1.65;7.60
39233090;0.00;9.75;0.00;0.00
39233090;0.00;9.75;0.65;3.00
39233090;0.00;9.75;1.65;7.60
39233090;12.00;9.75;0.65;3.00
39233090;20.50;9.75;1.65;7.60
39235000;0.00;0.00;0.00;0.00
39235000;0.00;0.00;0.65;3.00
39235000;0.00;0.00;1.65;7.60
39235000;0.00;5.00;0.65;3.00
39235000;0.00;5.00;1.65;7.60
39235000;4.00;5.00;1.65;7.60
39235000;12.00;5.00;0.65;3.00
39235000;20.50;5.00;1.65;7.60
39239000;18.00;10.00;1.65;7.60
39239090;0.00;15.00;1.65;7.60
39241000;0.00;0.00;0.00;0.00
39241000;18.00;6.50;1.65;7.60
39241000;22.50;0.00;0.00;0.00
39241000;22.50;0.00;1.65;7.60
39241000;22.50;6.50;1.65;7.60
39249000;0.00;0.00;1.65;7.60
39249000;18.00;6.50;1.65;7.60
39249000;22.50;0.00;0.00;0.00
39249000;22.50;6.50;1.65;7.60
39251000;18.00;0.00;1.65;7.60
39259090;0.00;0.00;0.00;0.00
39259090;0.00;3.25;0.00;0.00
39259090;0.00;3.25;0.65;3.00
39259090;0.00;3.25;1.65;7.60
39259090;18.00;3.25;1.65;7.60
39261000;0.00;0.00;0.00;0.00
39261000;0.00;0.00;1.65;7.60
39261000;0.00;9.75;1.65;7.60
39262000;18.00;3.25;1.65;7.60
39269040;0.00;0.00;0.00;0.00
39269040;0.00;0.00;0.65;3.00
39269040;0.00;6.50;0.00;0.00
39269040;0.00;6.50;0.65;3.00
39269040;0.00;6.50;1.65;7.60
39269040;18.00;6.50;1.65;7.60
39269090;0.00;0.00;0.00;0.00
39269090;0.00;0.00;1.65;7.60
39269090;0.00;9.75;0.00;0.00
39269090;0.00;9.75;0.65;3.00
39269090;0.00;9.75;1.65;7.60
39269090;18.00;0.00;0.65;3.00
39269090;18.00;9.75;1.65;7.60
40021110;18.00;3.25;1.65;7.60
40059190;0.00;3.25;0.00;0.00
40070019;18.00;0.00;1.65;7.60
40082900;0.00;0.00;0.00;0.00
40092210;0.00;6.50;1.65;7.60
40093100;0.00;0.00;0.00;0.00
40103200;0.00;0.00;0.00;0.00
40111000;0.00;0.00;0.00;0.00
40112090;0.00;0.00;0.00;0.00
40112090;0.00;1.30;0.00;0.00
40139000;0.00;9.75;1.65;7.60
40151200;0.00;0.00;0.00;0.00
40151900;0.00;0.00;0.00;0.00
40151900;0.00;9.75;0.00;0.00
40151900;0.00;9.75;1.65;7.60
40151900;18.00;9.75;1.65;7.60
40161090;0.00;0.00;0.00;0.00
40161090;0.00;0.00;1.65;7.60
40161090;0.00;11.70;1.65;7.60
40161090;18.00;11.70;1.65;7.60
40169200;0.00;0.00;1.65;7.60
40169300;0.00;0.00;0.00;0.00
40169300;0.00;5.20;1.65;7.60
40169990;0.00;0.00;1.65;7.60
40169990;0.00;11.70;1.65;7.60
40169990;18.00;11.70;1.65;7.60
42021210;0.00;0.00;0.00;0.00
42021210;0.00;0.00;1.65;7.60
42021210;0.00;6.50;1.65;7.60
42021220;0.00;6.50;1.65;7.60
42022210;18.00;6.50;1.65;7.60
42032900;0.00;0.00;0.00;0.00
44219900;0.00;0.00;0.00;0.00
44219900;0.00;0.00;1.65;7.60
44219900;18.00;0.00;1.65;7.60
48025610;0.00;0.00;1.65;7.60
48025810;0.00;0.00;0.00;0.00
48025810;0.00;3.25;1.65;7.60
48030090;18.00;3.25;1.65;7.60
48171000;0.00;0.00;1.65;7.60
48171000;0.00;3.25;1.65;7.60
48181000;0.00;0.00;1.65;7.60
48181000;18.00;0.00;1.65;7.60
48182000;18.00;3.25;1.65;7.60
48183000;18.00;3.25;1.65;7.60
48191000;0.00;0.00;0.00;0.00
48191000;0.00;15.00;0.00;0.00
48191000;0.00;15.00;1.65;7.60
48191000;18.00;15.00;1.65;7.60
48191000;20.50;15.00;1.65;7.60
48192000;18.00;9.75;1.65;7.60
48201000;0.00;0.00;1.65;7.60
48201000;0.00;9.75;1.65;7.60
48202000;0.00;0.00;0.00;0.00
48202000;0.00;0.00;1.65;7.60
48209000;0.00;0.00;1.65;7.60
48211000;0.00;0.00;0.00;0.00
48211000;0.00;0.00;1.65;7.60
48211000;12.00;0.00;1.65;7.60
48211000;18.00;0.00;1.65;7.60
48236900;0.00;0.00;1.65;7.60
49089000;18.00;0.00;1.65;7.60
49119900;0.00;0.00;0.00;0.00
52030000;18.00;0.00;1.65;7.60
53013000;18.00;0.00;1.65;7.60
54026900;18.00;0.00;1.65;7.60
55034000;0.00;0.00;1.65;7.60
56039240;18.00;0.00;1.65;7.60
56039290;18.00;0.00;1.65;7.60
56074900;18.00;0.00;1.65;7.60
59031000;0.00;0.00;0.00;0.00
59032000;0.00;3.25;1.65;7.60
59100000;0.00;0.00;0.00;0.00
59100000;0.00;6.50;1.65;7.60
61161000;0.00;0.00;0.00;0.00
61161000;0.00;0.00;1.65;7.60
61161000;18.00;0.00;1.65;7.60
62011300;18.00;0.00;1.65;7.60
62014000;0.00;0.00;0.00;0.00
62034300;18.00;0.00;1.65;7.60
62101000;0.00;0.00;0.00;0.00
62101000;0.00;0.00;1.65;7.60
62101000;18.00;0.00;1.65;7.60
62104000;18.00;0.00;1.65;7.60
63023100;0.00;0.00;1.65;7.60
63023200;0.00;0.00;1.65;7.60
63026000;0.00;0.00;1.65;7.60
63071000;0.00;0.00;1.65;7.60
63071000;18.00;0.00;1.65;7.60
63079010;0.00;0.00;0.00;0.00
63079010;0.00;0.00;1.65;7.60
63079010;18.00;0.00;1.65;7.60
63079090;0.00;0.00;0.00;0.00
63079090;0.00;0.00;1.65;7.60
63079090;18.00;0.00;1.65;7.60
64019200;0.00;0.00;0.00;0.00
64019200;0.00;0.00;1.65;7.60
64019200;18.00;0.00;1.65;7.60
64019990;0.00;0.00;0.00;0.00
64019990;0.00;0.00;1.65;7.60
64019990;18.00;0.00;1.65;7.60
64034000;0.00;0.00;0.00;0.00
64034000;0.00;0.00;1.65;7.60
64039190;0.00;0.00;0.00;0.00
64039190;0.00;0.00;1.65;7.60
64039990;0.00;0.00;0.00;0.00
64039990;0.00;0.00;1.65;7.60
64039990;18.00;0.00;1.65;7.60
64059000;0.00;0.00;0.00;0.00
64059000;0.00;0.00;1.65;7.60
65061000;0.00;0.00;1.65;7.60
65069100;18.00;0.00;1.65;7.60
68042211;0.00;0.00;0.65;3.00
68042211;0.00;0.00;1.65;7.60
68042219;0.00;0.00;1.65;7.60
68051000;0.00;0.00;1.65;7.60
68052000;0.00;0.00;0.65;3.00
68053090;0.00;0.00;0.00;0.00
68053090;0.00;0.00;0.65;3.00
68053090;0.00;0.00;1.65;7.60
68053090;18.00;0.00;1.65;7.60
68138190;0.00;0.00;0.00;0.00
69031030;0.00;0.00;0.65;3.00
69031030;0.00;5.20;0.65;3.00
69031030;0.00;5.20;1.65;7.60
69032020;0.00;5.20;1.65;7.60
69091100;0.00;0.00;0.00;0.00
70042000;0.00;6.50;1.65;7.60
70091000;0.00;0.00;0.00;0.00
70109011;0.00;0.00;0.65;3.00
70109011;0.00;9.75;0.65;3.00
70109011;0.00;9.75;1.65;7.60
70109022;18.00;9.75;1.65;7.60
70109090;0.00;9.75;0.65;3.00
70109090;18.00;9.75;1.65;7.60
70134290;0.00;6.50;0.00;0.00
70139900;18.00;9.75;1.65;7.60
70172000;0.00;0.00;0.00;0.00
70172000;0.00;0.00;0.65;3.00
70172000;0.00;0.00;1.65;7.60
70179000;0.00;0.00;0.00;0.00
70179000;0.00;0.00;0.65;3.00
70179000;0.00;0.00;1.65;7.60
70179000;4.00;0.00;1.65;7.60
70179000;18.00;0.00;1.65;7.60
70191500;0.00;10.00;1.65;7.60
70191900;0.00;10.00;0.65;3.00
72085300;0.00;3.25;1.65;7.60
72085400;0.00;3.25;1.65;7.60
72092600;0.00;3.25;1.65;7.60
72123000;0.00;3.25;1.65;7.60
72142000;0.00;0.00;1.65;7.60
72155000;0.00;3.25;1.65;7.60
72166110;0.00;0.00;0.65;3.00
72171090;0.00;3.25;1.65;7.60
72172090;0.00;3.25;1.65;7.60
72222000;0.00;3.25;1.65;7.60
73013031;18.00;0.00;1.65;7.60
73064000;0.00;3.25;1.65;7.60
73066100;0.00;5.00;1.65;7.60
73069090;0.00;3.25;1.65;7.60
73071990;0.00;3.25;1.65;7.60
73089010;0.00;0.00;0.65;3.00
73089010;0.00;0.00;1.65;7.60
73101000;0.00;0.00;1.65;7.60
73142000;0.00;9.75;1.65;7.60
73181200;0.00;0.00;1.65;7.60
73181200;0.00;6.50;1.65;7.60
73181400;0.00;0.00;0.65;3.00
73181400;0.00;0.00;1.65;7.60
73181400;0.00;6.50;1.65;7.60
73181500;0.00;0.00;0.00;0.00
73181500;0.00;0.00;0.65;3.00
73181500;0.00;0.00;1.65;7.60
73181500;0.00;6.50;1.65;7.60
73181600;0.00;0.00;0.65;3.00
73181600;0.00;0.00;1.65;7.60
73182100;0.00;6.50;1.65;7.60
73182200;0.00;0.00;0.00;0.00
73182200;0.00;0.00;0.65;3.00
73182200;0.00;0.00;1.65;7.60
73182200;0.00;6.50;1.65;7.60
73182300;0.00;0.00;0.00;0.00
73182400;0.00;0.00;0.00;0.00
73231000;18.00;6.50;1.65;7.60
73239300;18.00;6.50;1.65;7.60
73261900;0.00;0.00;0.65;3.00
73261900;0.00;6.50;0.00;0.00
73261900;0.00;6.50;1.65;7.60
73262000;0.00;3.25;1.65;7.60
73269090;0.00;0.00;0.00;0.00
73269090;0.00;0.00;1.65;7.60
73269090;0.00;5.00;1.65;7.60
73269090;18.00;5.00;1.65;7.60
74071010;0.00;0.00;0.65;3.00
74071010;0.00;3.25;0.65;3.00
74122000;0.00;3.25;1.65;7.60
76042920;0.00;0.00;1.65;7.60
76071910;18.00;3.25;1.65;7.60
76081000;18.00;0.00;1.65;7.60
76090000;0.00;3.25;0.00;0.00
76101000;0.00;0.00;1.65;7.60
76151000;0.00;6.50;1.65;7.60
76169900;18.00;3.25;1.65;7.60
82011000;18.00;0.00;1.65;7.60
82013000;0.00;0.00;1.65;7.60
82014000;18.00;0.00;1.65;7.60
82021000;0.00;5.20;1.65;7.60
82023100;0.00;5.20;1.65;7.60
82029100;0.00;5.20;1.65;7.60
82029990;0.00;0.00;0.00;0.00
82032010;0.00;0.00;0.65;3.00
82032010;0.00;5.20;1.65;7.60
82032090;0.00;5.20;0.65;3.00
82034000;0.00;0.00;0.00;0.00
82041100;0.00;5.20;1.65;7.60
82041200;0.00;0.00;1.65;7.60
82041200;0.00;5.20;1.65;7.60
82054000;0.00;5.20;1.65;7.60
82055900;0.00;5.20;1.65;7.60
82071990;0.00;0.00;0.00;0.00
82075011;0.00;0.00;0.65;3.00
82075011;0.00;0.00;1.65;7.60
82075011;0.00;5.20;1.65;7.60
82119390;0.00;0.00;0.65;3.00
82119390;0.00;7.80;0.00;0.00
82119390;0.00;7.80;1.65;7.60
82119400;0.00;0.00;0.00;0.00
82119400;0.00;0.00;1.65;7.60
82119400;0.00;6.50;1.65;7.60
82130000;0.00;0.00;1.65;7.60
82130000;0.00;7.80;1.65;7.60
82141000;0.00;6.50;0.00;0.00
83011000;0.00;0.00;1.65;7.60
83014000;0.00;0.00;1.65;7.60
83022000;0.00;6.50;1.65;7.60
83023000;0.00;6.50;1.65;7.60
83040000;0.00;6.50;1.65;7.60
83052000;0.00;0.00;0.00;0.00
83052000;0.00;0.00;1.65;7.60
83052000;0.00;6.50;1.65;7.60
83079000;0.00;3.25;0.00;0.00
83099000;4.00;0.00;1.65;7.60
83111000;0.00;6.50;1.65;7.60
84099112;0.00;0.00;0.00;0.00
84123110;0.00;0.00;1.65;7.60
84132000;4.00;3.25;1.65;7.60
84133090;0.00;0.00;0.00;0.00
84135090;7.00;3.25;1.65;7.60
84139190;0.00;0.00;0.65;3.00
84139190;0.00;3.25;1.65;7.60
84145990;0.00;0.00;0.00;0.00
84145990;18.00;0.00;1.65;7.60
84145990;20.50;0.00;1.65;7.60
84149034;0.00;3.25;1.65;7.60
84151011;0.00;20.00;1.65;7.60
84151011;12.00;20.00;0.00;0.00
84159010;0.00;20.00;1.65;7.60
84159020;0.00;20.00;1.65;7.60
84185000;0.00;0.00;0.00;0.00
84185000;0.00;0.00;1.65;7.60
84212300;0.00;0.00;0.00;0.00
84212990;0.00;0.00;0.00;0.00
84213990;0.00;0.00;0.00;0.00
84213990;0.00;0.00;1.65;7.60
84213990;18.00;0.00;1.65;7.60
84219910;0.00;5.20;1.65;7.60
84219999;0.00;0.00;0.00;0.00
84223029;4.00;0.00;1.65;7.60
84224090;0.00;0.00;1.65;7.60
84229090;0.00;3.25;1.65;7.60
84229090;18.00;3.25;1.65;7.60
84239029;0.00;6.50;1.65;7.60
84244100;18.00;0.00;1.65;7.60
84248910;18.00;3.25;1.65;7.60
84248990;4.00;3.25;0.65;3.00
84248990;4.00;3.25;1.65;7.60
84248990;20.50;3.25;1.65;7.60
84253110;0.00;0.00;1.65;7.60
84279000;0.00;0.00;1.65;7.60
84313900;0.00;0.00;1.65;7.60
84433111;0.00;0.00;1.65;7.60
84433299;18.00;15.00;1.65;7.60
84439199;0.00;0.00;1.65;7.60
84439923;0.00;3.25;0.65;3.00
84439923;0.00;3.25;1.65;7.60
84439933;0.00;0.00;0.00;0.00
84439933;0.00;3.25;0.00;0.00
84439933;0.00;3.25;1.65;7.60
84701000;0.00;0.00;1.65;7.60
84701000;0.00;9.75;0.00;0.00
84701000;0.00;9.75;1.65;7.60
84702900;0.00;9.75;1.65;7.60
84713012;0.00;15.00;1.65;7.60
84713019;0.00;15.00;1.65;7.60
84716052;0.00;0.00;0.00;0.00
84716052;0.00;0.00;1.65;7.60
84716052;0.00;9.75;0.00;0.00
84716052;0.00;9.75;1.65;7.60
84716053;0.00;0.00;0.00;0.00
84716053;0.00;0.00;1.65;7.60
84716053;0.00;9.75;0.00;0.00
84716053;0.00;9.75;1.65;7.60
84717040;0.00;0.00;0.00;0.00
84717040;0.00;9.75;1.65;7.60
84729040;0.00;0.00;1.65;7.60
84729040;0.00;13.00;0.00;0.00
84729040;0.00;13.00;1.65;7.60
84733011;0.00;0.00;0.00;0.00
84733011;0.00;6.50;1.65;7.60
84733019;0.00;0.00;0.00;0.00
84733041;0.00;0.00;0.00;0.00
84733041;0.00;15.00;1.65;7.60
84733042;0.00;0.00;0.00;0.00
84733042;0.00;15.00;1.65;7.60
84733090;0.00;0.00;0.00;0.00
84733090;0.00;6.50;1.65;7.60
84752990;0.00;0.00;0.65;3.00
84752990;0.00;0.00;1.65;7.60
84796000;0.00;0.00;1.65;7.60
84799090;0.00;0.00;1.65;7.60
84812090;0.00;0.00;0.00;0.00
84812090;0.00;0.00;1.65;7.60
84812090;4.00;0.00;1.65;7.60
84813000;0.00;0.00;1.65;7.60
84818019;0.00;0.00;1.65;7.60
84818092;0.00;0.00;1.65;7.60
84818095;0.00;0.00;0.00;0.00
84818095;0.00;0.00;1.65;7.60
84818099;0.00;3.25;1.65;7.60
84819090;0.00;0.00;1.65;7.60
84821010;0.00;0.00;0.00;0.00
84822010;0.00;0.00;0.00;0.00
84822090;0.00;0.00;0.00;0.00
84835010;0.00;0.00;0.00;0.00
84835090;0.00;0.00;0.00;0.00
84839000;0.00;0.00;0.00;0.00
85044021;0.00;0.00;0.00;0.00
85044040;0.00;0.00;0.00;0.00
85044090;0.00;9.75;1.65;7.60
85061019;0.00;0.00;1.65;7.60
85061020;0.00;0.00;1.65;7.60
85061020;0.00;9.75;0.00;0.00
85061020;0.00;9.75;1.65;7.60
85094010;20.50;6.50;1.65;7.60
85122022;0.00;0.00;0.00;0.00
85123000;0.00;0.00;0.00;0.00
85129000;0.00;0.00;0.00;0.00
85171300;0.00;0.00;1.65;7.60
85171300;0.00;15.00;1.65;7.60
85171830;0.00;6.50;1.65;7.60
85176241;0.00;0.00;0.00;0.00
85176241;0.00;15.00;1.65;7.60
85176900;0.00;9.75;1.65;7.60
85198900;0.00;0.00;0.00;0.00
85234920;0.00;0.00;0.00;0.00
85234920;0.00;9.75;1.65;7.60
85235210;0.00;0.00;0.00;0.00
85235900;0.00;9.75;1.65;7.60
85258913;0.00;13.00;1.65;7.60
85285200;0.00;0.00;0.00;0.00
85318000;0.00;0.00;0.00;0.00
85318000;0.00;9.75;0.00;0.00
85318000;0.00;9.75;1.65;7.60
85359090;0.00;0.00;0.65;3.00
85359090;0.00;3.25;1.65;7.60
85361000;0.00;0.00;0.00;0.00
85362000;0.00;0.00;0.00;0.00
85362000;0.00;0.00;0.65;3.00
85362000;0.00;0.00;1.65;7.60
85362000;0.00;6.50;1.65;7.60
85363090;0.00;0.00;0.65;3.00
85363090;0.00;0.00;1.65;7.60
85363090;0.00;9.75;1.65;7.60
85364100;0.00;0.00;0.00;0.00
85364900;0.00;0.00;0.00;0.00
85364900;0.00;0.00;0.65;3.00
85364900;0.00;3.25;1.65;7.60
85365090;0.00;0.00;0.00;0.00
85365090;0.00;0.00;0.65;3.00
85365090;0.00;9.75;1.65;7.60
85366910;0.00;0.00;0.00;0.00
85366910;0.00;9.75;0.00;0.00
85366910;0.00;9.75;1.65;7.60
85366990;0.00;0.00;0.00;0.00
85366990;0.00;9.75;0.00;0.00
85369040;0.00;0.00;0.00;0.00
85369040;0.00;0.00;0.65;3.00
85369050;0.00;0.00;0.00;0.00
85369090;0.00;0.00;0.00;0.00
85369090;0.00;0.00;1.65;7.60
85369090;0.00;9.75;1.65;7.60
85371090;0.00;9.75;1.65;7.60
85381000;0.00;0.00;0.00;0.00
85389020;0.00;0.00;0.65;3.00
85392110;0.00;0.00;0.00;0.00
85392190;0.00;0.00;0.00;0.00
85392910;0.00;0.00;0.00;0.00
85392990;0.00;0.00;0.65;3.00
85395200;0.00;0.00;0.00;0.00
85395200;0.00;0.00;0.65;3.00
85395200;0.00;6.50;1.65;7.60
85414122;0.00;0.00;0.65;3.00
85423190;0.00;0.00;0.00;0.00
85423190;0.00;2.00;1.65;7.60
85437099;18.00;6.50;1.65;7.60
85441100;0.00;0.00;0.00;0.00
85441100;0.00;0.00;1.65;7.60
85444200;0.00;0.00;0.00;0.00
85444200;0.00;0.00;0.65;3.00
85444200;0.00;5.00;1.65;7.60
85444900;0.00;0.00;0.00;0.00
85444900;0.00;0.00;0.65;3.00
85444900;0.00;0.00;1.65;7.60
85447010;0.00;0.00;0.65;3.00
85472090;0.00;0.00;0.00;0.00
87032100;18.00;5.27;1.65;7.60
87042210;0.00;0.00;1.65;7.60
87042310;0.00;0.00;0.00;0.00
87082919;18.00;3.25;1.65;7.60
87082999;0.00;0.00;0.00;0.00
87083019;0.00;0.00;0.00;0.00
87083090;0.00;0.00;0.00;0.00
87084090;0.00;0.00;0.00;0.00
87088000;0.00;0.00;0.00;0.00
87089100;0.00;0.00;0.00;0.00
87089300;0.00;0.00;0.00;0.00
87089482;0.00;0.00;0.00;0.00
87089990;0.00;0.00;0.00;0.00
87089990;18.00;3.25;1.65;7.60
87168000;0.00;0.00;0.00;0.00
87168000;0.00;3.25;1.65;7.60
87169090;0.00;0.00;0.00;0.00
90049020;0.00;0.00;0.00;0.00
90049020;0.00;3.25;0.00;0.00
90049020;0.00;3.25;1.65;7.60
90049020;18.00;3.25;1.65;7.60
90172000;0.00;0.00;1.65;7.60
90189095;0.00;0.00;1.65;7.60
90200010;0.00;0.00;1.65;7.60
90200010;18.00;0.00;1.65;7.60
90211010;0.00;0.00;1.65;7.60
90211099;0.00;0.00;0.00;0.00
90211099;0.00;0.00;1.65;7.60
90258000;0.00;9.75;1.65;7.60
90258000;18.00;9.75;1.65;7.60
90261029;0.00;0.00;1.65;7.60
90278099;18.00;0.00;1.65;7.60
90279099;0.00;0.00;0.00;0.00
90279099;0.00;3.25;1.65;7.60
90279099;18.00;3.25;1.65;7.60
90303100;0.00;0.00;0.65;3.00
90303990;0.00;0.00;0.65;3.00
91069000;0.00;9.75;1.65;7.60
94031000;0.00;3.25;0.00;0.00
94032000;18.00;0.00;1.65;7.60
94032090;0.00;3.25;1.65;7.60
94033000;0.00;3.25;0.00;0.00
94033000;0.00;3.25;1.65;7.60
94037000;7.00;3.25;1.65;7.60
94051190;0.00;0.00;0.65;3.00
94051190;0.00;9.75;1.65;7.60
95059000;0.00;0.00;0.65;3.00
96032900;18.00;0.00;1.65;7.60
96034010;0.00;0.00;0.00;0.00
96034010;0.00;0.00;0.65;3.00
96034010;0.00;0.00;1.65;7.60
96034090;0.00;0.00;0.65;3.00
96034090;0.00;0.00;1.65;7.60
96039000;0.00;0.00;1.65;7.60
96039000;18.00;0.00;1.65;7.60
96040000;18.00;0.00;1.65;7.60
96081000;0.00;0.00;1.65;7.60
96081000;0.00;20.00;1.65;7.60
96082000;0.00;0.00;0.00;0.00
96082000;0.00;0.00;1.65;7.60
96082000;0.00;13.00;1.65;7.60
96084000;0.00;13.00;1.65;7.60
96092000;0.00;0.00;1.65;7.60
96121000;0.00;15.00;1.65;7.60
